,name,struct,addr,lat,lon
16551,"Муниципальное общеобразовательное учреждение "" Специальная (коррекционная) начальная школа-детский сад № 235",(Муниципальное образовательное учреждение),"654044, Кемеровская область, г. Новокузнецк, ул. Новоселов 14а",53.89191,87.1204
16553,"Муниципальное общеобразовательное учреждение "" Специальная (коррекционная) специальная школа интернат № 80",(Муниципальное образовательное учреждение),"654000, Кемеровская область, г. Новокузнецк, ул. Курако, 9",53.74954,87.11366
24634,Муниципальное общеобразовательное учреждение Средняя общеобразовательная школа № 91,(Муниципальное образовательное учреждение),"654041, Кемеровская область, г. Новокузнецк, ул. Транспортная, 29",53.74584,87.12456
24636,"Муниципальное общеобразовательное учреждение ""Специальная (коррекционная) общеобразовательная школа-интернат № 68""",(Муниципальное образовательное учреждение),"654034, Кемеровская область, г. Новокузнецк, ул. Левитана, 1",53.79304,87.23308
24637,"Муниципальное общеобразовательное учреждение ""Специальная (коррекционная) общеобразовательная школа-интернат № 88""",(Муниципальное образовательное учреждение),"654034, Кемеровская область, г. Новокузнецк, ул. Анодная, 7а",53.7906,87.2234
24639,"Муниципальное общеобразовательное учреждение ""Средняя общеобразовательная школа № 64""",(Муниципальное образовательное учреждение),"650086, Кемеровская область, г. Новокузнецк, ул.Радищева, 24",53.79268,87.33785
24640,"Муниципальное общеобразовательное учреждение ""Основная общеобразовательная школа № 83""",(Муниципальное образовательное учреждение),"654013, Кемеровская область, г. Новокузнецк, ул. Климасенко, 5",53.84324,87.18803
24641,"Муниципальное общеобразовательное учреждение ""Открытая/сменная/ общеобразовательная школа № 64""",(Муниципальное образовательное учреждение),"654002, Кемеровская область, г. Новокузнецк, пер.Ульяновский, 12",53.78247,87.31504
24642,"Муниципальное общеобразовательное учреждение ""Средняя общеобразовательная школа № 100""",(Муниципальное образовательное учреждение),"654032, Кемеровская область, г. Новокузнецк, ул.Бардина, 34",53.75479,87.13318
24668,"Муниципальное общеобразовательное учреждение ""Центр лечебной педагогики и дифференцированного обучения""",(Муниципальное образовательное учреждение),"654034, Кемеровская область, г. Новокузнецк, ул. Бугарева, 22б",53.77886,87.21454
24671,"Муниципальное общеобразовательное учреждение ""Средняя общеобразовательная школа № 12""",(Муниципальное образовательное учреждение),"654027, Кемеровская область, г. Новокузнецк, пр. Пионерский, 15",53.76104,87.11643
24672,"Муниципальное общеобразовательное учреждение ""Средняя общеобразовательная школа № 56""",(Муниципальное образовательное учреждение),"6540084, Кемеровская область, г. Новокузнецк, ул.Новобайдаевская, 9",53.78446,87.28768
24673,"Муниципальное общеобразовательное учреждение ""Средняя общеобразовательная школа № 71""",(Муниципальное образовательное учреждение),"654034, Кемеровская область, г. Новокузнецк, ул.Бугарева, 17",53.77888,87.21317
24674,"Муниципальное общеобразовательное учреждение ""Средняя общеобразовательная школа № 96""",(Муниципальное образовательное учреждение),"654032, Кемеровская область, г. Новокузнецк, ул.Обнорского, 62",53.77311,87.20788
24677,"Муниципальное общеобразовательное учреждение ""Естественнонаучный лицей № 104""",(Муниципальное образовательное учреждение),"654034, Кемеровская область, г. Новокузнецк, ул.Ленина, 61",53.77891,87.20704
24678,"Муниципальное общеобразовательное учреждение ""Средняя общеобразовательная школа № 4""",(Муниципальное образовательное учреждение),"654032, Кемеровская область, г. Новокузнецк, ул.Обнорского, 92",53.77504,87.21423
24679,"Муниципальное общеобразовательное учреждение ""Средняя общеобразовательная школа № 24""",(Муниципальное образовательное учреждение),"654034, Кемеровская область, г. Новокузнецк, ул.Ленина, 119",53.78511,87.2222
24680,"Муниципальное общеобразовательное учреждение ""Средняя общеобразовательная школа № 19""",(Муниципальное образовательное учреждение),"650033, Кемеровская область, г. Новокузнецк, ул. Крупской, 35",53.79378,87.28106
24681,"Муниципальное общеобразовательное учреждение ""Средняя общеобразовательная школа № 29""",(Муниципальное образовательное учреждение),"654002, Кемеровская область, г. Новокузнецк, ул. Разведчиков, 46",53.78569,87.31721
24717,"Муниципальное общеобразовательное учреждение ""Средняя общеобразовательная школа № 41""",(Муниципальное образовательное учреждение),"654000, Кемеровская область, г. Новокузнецк, ул. Кутузова, 4",53.75131,87.11512
24720,"Муниципальное образовательное учреждение ""Специальная общеобразовательная школа № 30""",(Муниципальное образовательное учреждение),"654015, Кемеровская область, г. Новокузнецк, ул.Смирнова, 1",53.77461,87.20434
24721,"Муниципальное общеобразовательное учреждение ""Специальная общеобразовательная школа-интернат 8 вида № 53""",(Муниципальное образовательное учреждение),"654002, Кемеровская область, г. Новокузнецк, ул. Разведчиков, 1",53.7815021,87.3064195
24722,"Муниципальное общеобразовательное учреждение ""Средняя общеобразовательная школа № 40""",(Муниципальное образовательное учреждение),"654032, Кемеровская область, г. Новокузнецк, ул.Пестеля, 27",53.76043,87.21362
24723,"Муниципальное общеобразовательное учреждение ""Средняя общеобразовательная школа № 60""",(Муниципальное образовательное учреждение),"654025, Кемеровская область, г. Новокузнецк, ул.Дузенко, 14 А",53.79544,87.34546
24724,"Муниципальное общеобразовательное учреждение ""Средняя общеобразовательная школа № 50""",(Муниципальное образовательное учреждение),"654034, Кемеровская область, г. Новокузнецк, ул.Шункова, 26",53.77559,87.19486
24729,"Муниципальное общеобразовательное учреждение ""Гимназия № 10""",(Муниципальное образовательное учреждение),"654034, Кемеровская область, г. Новокузнецк, ул.Шункова, 6А",53.77168,87.18742
24730,"Муниципальное общеобразовательное учреждение ""Лицей № 27""",(Муниципальное образовательное учреждение),"654084, Кемеровская область, г. Новокузнецк, ул. 40 лет Победы, 9",53.77736,87.28739
24741,"Муниципальное общеобразовательное учреждение ""Лицей № 76""",(Муниципальное образовательное учреждение),"654084, Кемеровская область, г. Новокузнецк, ул. 40 лет Победы, 17",53.77732,87.29016
24776,"Муниципальное общеобразовательное учреждение ""Вечерняя (сменная) общеобразовательная школа № 2""",(Муниципальное образовательное учреждение),"654044, Кемеровская область, Кемеровской область , г. Новокузнецк, ул. Олимпийская 18-а.",53.89144,87.11024
24777,"Муниципальное общеобразовательное учреждение детский дом-школа № 95 ""Дом детства""",(Муниципальное образовательное учреждение),"654040, Кемеровская область, Кемеровской область, г. Новокузнецк, ул.Климасенко 15-а.",53.83945,87.17364
24779,"Муниципальное общеобразовательное учреждение ""Женская гимназия-интернат""",(Муниципальное образовательное учреждение),"654059, Кемеровская область, г. Новокузнецк, ул.Тореза 117-а.",53.81726,87.15874
24782,"Муниципальное общеобразовательное учреждение ""Эстетическая гимназия № 32""",(Муниципальное образовательное учреждение),"654054, Кемеровская область, г. Новокузнецк, ул.Новоселов 53.",53.89814,87.13637
24785,"Муниципальное общеобразовательное учреждение ""Гимназия № 59""",(Муниципальное образовательное учреждение),"654054, Кемеровская область, г. Новокузнецк, ул.Косыгина 73.",53.89457,87.1357
24788,"Муниципальное общеобразовательное учреждение ""Лицей № 35""",(Муниципальное образовательное учреждение),"654059, Кемеровская область, Кемеровской область, г. Новокузнецк, ул. 40 лет ВЛКСМ 98-а.",53.82326,87.16633
24789,"Муниципальное общеобразовательное учреждение ""Основная общеобразовательная школа № 33""",(Муниципальное образовательное учреждение),"654038, Кемеровская область, Кемеровской область, г. Новокузнецк, проезд Ижевский 15.",53.83414,87.1911
24791,"Муниципальное общеобразовательное учреждение ""Основная общеобразовательная школа № 89""",(Муниципальное образовательное учреждение),"654055, Кемеровская область, Кемеровской область , г. Новокузнецк, ул. Ладожская 110.",53.79917,87.14906
24792,"Муниципальное общеобразовательное учреждение ""Вечерняя (сменная) общеобразовательная школа № 17""",(Муниципальное образовательное учреждение),"654038, Кемеровская область, Кемеровской область, г. Новокузнецк, ул. Климасенко 22/2.",53.83636,87.17281
24804,"Муниципальное общеобразовательное учреждение ""Средняя общеобразовательная школа № 14""",(Муниципальное образовательное учреждение),"654054, Кемеровская область, Кемеровской область, г. Новокузнецк, пр. Авиаторов 106.",53.89861,87.13395
24807,"Муниципальное общеобразовательное учреждение ""Средняя общеобразовательная школа № 65""",(Муниципальное образовательное учреждение),"654054, Кемеровская область, Кемеровской область, г. Новокузнецк, ул.Косыгина 63.",53.89429,87.1323
24809,"Муниципальное общеобразовательное учреждение ""Средняя общеобразовательная школа № 94""",(Муниципальное образовательное учреждение),"654011, Кемеровская область, Кемеровской область, г. Новокузнецк, пр. Авиаторов 74.",53.89777,87.12042
24813,"Муниципальное общеобразовательное учреждение ""Средняя общеобразовательная школа № 107""",(Муниципальное образовательное учреждение),"654011, Кемеровская область, Кемеровской область, г. Новокузнецк, пр. Авиаторов 47.",53.90059,87.12233
24867,"Муниципальное общеобразовательное учреждение ""Средняя общеобразовательная школа № 5""",(Муниципальное образовательное учреждение),"654059, Кемеровская область, Кемеровской область, г. Новокузнецк, ул.Клименко 7-а.",53.82754,87.16089
24868,"Муниципальное общеобразовательное учреждение ""Средняя общеобразовательная школа № 79""",(Муниципальное образовательное учреждение),"654059, Кемеровская область, Кемеровской область, г. Новокузнецк, ул. 40 лет ВЛКСМ 112.",53.81812,87.16311
24870,"Муниципальное общеобразовательное учреждение ""Средняя общеобразовательная школа № 81""",(Муниципальное образовательное учреждение),"654031, Кемеровская область, Кемеровской область, г. Новокузнецк, ул. Горьковская 17.",53.83096,87.18917
24872,"Муниципальное общеобразовательное учреждение ""Средняя общеобразовательная школа № 93""",(Муниципальное образовательное учреждение),"654038, Кемеровская область, Кемеровской область, г. Новокузнецк, ул. Тореза 11.",53.83505,87.17919
24874,"Муниципальное общеобразовательное учреждение ""Санаторная школа-интернат № 82""",(Муниципальное образовательное учреждение),"654031, Кемеровская область, Кемеровской область, г. Новокузнецк, ул.Горьковская 33.",53.82514,87.18236
24875,"Муниципальное общеобразовательное учреждение ""Специальная (коррекционная) общеобразовательная школа № 58"" VIII вида",(Муниципальное образовательное учреждение),"654031, Кемеровская область, Кемеровской область, г. Новокузнецк, ул.Горьковская 15.",53.83153,87.18738
24892,"Муниципальное общеобразовательное учреждение ""Средняя общеобразовательная школа № 102""",(Муниципальное образовательное учреждение),"654040, Кемеровская область, Кемеровской область, г. Новокузнецк, ул. Климасенко 12/3.",53.83728,87.17585
24893,"Муниципальное общеобразовательное учреждение ""Средняя общеобразовательная школа № 22""",(Муниципальное образовательное учреждение),"654038, Кемеровская область, Кемеровской область, г. Новокузнецк, ул. 40 лет ВЛКСМ 52-а.",53.82791,87.17306
24894,"Муниципальное общеобразовательное учреждение ""Средняя общеобразовательная школа № 3""",(Муниципальное образовательное учреждение),"654059, Кемеровская область, Кемеровской область, г. Новокузнецк, ул. 40 лет ВЛКСМ 112-а.",53.81812,87.16311
24895,"Муниципальное общеобразовательное учреждение ""Гимназия № 46""",(Муниципальное образовательное учреждение),"654040, Кемеровская область, г. Новокузнецк, ул.Климансенко 25-а.",53.84153,87.16457
24896,"Муниципальное общеобразовательное учреждение ""Детский дом № 4""",(Муниципальное образовательное учреждение),"654031, Кемеровская область, Кемеровской область, г. Новокузнецк, ул.Горьковская 67.",53.82086,87.17462
24982,"Муниципальное общеобразовательное учреждение ""Гимназия № 73""",(Муниципальное образовательное учреждение),"654041, Кемеровская область, Кемеровской области, г. Новокузнецк, ул. Батюшкова, 3,",53.74337,87.14515
24983,"Муниципальное общеобразовательное учреждение ""Основная общеобразовательная школа № 23""",(Муниципальное образовательное учреждение),"654045, Кемеровская область, Кемеровской области, г. Новокузнецк, ул. Вредакова, 104,",53.715110200000005,87.0857128
24984,"Муниципальное общеобразовательное учреждение ""Основная общеобразовательная школа № 6""",(Муниципальное образовательное учреждение),"654041, Кемеровская область, Кемеровской области, г. Новокузнецк, ул. Транспортная, 57,",53.74313,87.13199
24987,"Муниципальное общеобразовательное учреждение ""Средняя общеобразовательная школа № 36"".",(Муниципальное образовательное учреждение),"654044, Кемеровская область, Кемеровской области, г. Новокузнецк, ул. Олимпийская, 20,",53.89104,87.10825
24990,"Муниципальное общеобразовательное учреждение ""Специальная (коррекционная) общеобразовательная школа-интернат № 38 II вида""",(Муниципальное образовательное учреждение),"654027, Кемеровская область, г. Новокузнецк, пр.Пионерский, 9",53.76125,87.10767
24991,"Муниципальное общеобразовательное учреждение ""Специальная (коррекционная) общеобразовательная школа № 106 для слепых и слабовидящих детей""",(Муниципальное образовательное учреждение),"654025, Кемеровская область, г. Новокузнецк, ул.Кирова, 33 А",53.75832,87.1276
24999,"Муниципальное образовательное учреждение ""Средняя общеобразовательная школа № 87""",(Муниципальное образовательное учреждение),"654041, Кемеровская область, г. Новокузнецк, ул. Циолковского, д. 42а",53.74844,87.14165
25000,"Муниципальное общеобразовательное учреждение ""Специальная (коррекционная) общеобразовательная школа № 78"" VIII вида.",(Муниципальное образовательное учреждение),"654044, Кемеровская область,  Кемеровской области, г. Новокузнецк, ул. Косыгина, 20,",53.8878903,87.1099174
25001,"Муниципальное общеобразовательное учреждение ""Средняя общеобразовательная школа № 37""",(Муниципальное образовательное учреждение),"654036, Кемеровская область, Кемеровской области, г. Новокузнецк, ул. Варшавская, 2,",53.71556,87.12821
25003,"Муниципальное общеобразовательное учреждение ""Средняя общеобразовательная школа № 43""",(Муниципальное образовательное учреждение),"654028, Кемеровская область, Кемеровской области, г. Новокузнецк, ул. Жасминная, 8,",53.74335,87.03431
25004,"Муниципальное общеобразовательное учреждение ""Средняя общеобразовательная школа № 77""",(Муниципальное образовательное учреждение),"654044, Кемеровская область, Кемеровской области, г. Новокузнецк, ул. Косыгина, 49,",53.89264,87.12218
25005,"Муниципальное общеобразовательное учреждение ""Средняя общеобразовательная школа № 9 имени В.К. Демидова""",(Муниципальное образовательное учреждение),"654063, Кемеровская область, Кемеровской области, г. Новокузнецк, ул. К. Маркса, 5,",53.74827,87.05826
25006,"Муниципальное общеобразовательное учреждение ""Средняя общеобразовательная школа № 2""",(Муниципальное образовательное учреждение),"654006, Кемеровская область, г. Новокузнецк, ул. Филлипова, 10",53.77244,87.10146
25007,"Муниципальное общеобразовательное учреждение ""Средняя общеобразовательная гимназия № 70""",(Муниципальное образовательное учреждение),"654005, Кемеровская область, г. Новокузнецк, ул Франкфурта, 16",53.76135,87.15773
25008,"Муниципальное общеобразовательное учреждение ""Вечерняя (сменная) общеобразовательная школа № 5""",(Муниципальное образовательное учреждение),"654027, Кемеровская область, Кемеровской области, г. Новокузнецк, пр. Пионерский, 4,",53.76053,87.10434
25009,"Муниципальное общеобразовательное учреждение "" Начальная общеобразовательная школа № 110""",(Муниципальное образовательное учреждение),"654018, Кемеровская область, г. Новокузнецк, ул. Дружбы, 42а",53.71176,87.13987
25010,"Муниципальное общеобразовательное учреждение ""Средняя общеобразовательная гимназия № 48""",(Муниципальное образовательное учреждение),"654066, Кемеровская область, г. Новокузнецк, ул Дружбы, 53а",53.71242,87.14324
25011,"Муниципальное общеобразовательное учреждение ""Средняя общеобразовательная школа № 52""",(Муниципальное образовательное учреждение),"654005, Кемеровская область, г. Новокузнецк, ул Ушинского, 5",53.766,87.11506
25031,"Муниципальное общеобразовательное учреждение ""Средняя общеобразовательная школа № 105""",(Муниципальное образовательное учреждение),"654007, Кемеровская область, г. Новокузнецк, пр. Кузнецкстроевский, 16",53.762,87.13527
25034,"Муниципальное общеобразовательное учреждение ""Средняя общеобразовательная школа № 16""",(Муниципальное образовательное учреждение),"654101, Кемеровская область, г. Новокузнецк, р.п Абагур, ул Громовой, 61",53.73622,87.24571
25036,"Муниципальное общеобразовательное учреждение ""Гимназия № 62""",(Муниципальное образовательное учреждение),"654007, Кемеровская область, г. Новокузнецк, ул. Тольятти, 39",53.7486404,87.1627263
25056,"Муниципальное общеобразовательное учреждение ""Средняя общеобразовательная школа № 92""",(Муниципальное образовательное учреждение),"654029, Кемеровская область, Кемеровской области, г. Новокузнецк, ул. Вокзальная, 29",53.74491,87.11303
25071,"Муниципальное общеобразовательное учреждение ""Средняя общеобразовательная школа № 98""",(Муниципальное образовательное учреждение),"654027, Кемеровская область, Кемеровской области, г. Новокузнецк, ул. Сибиряков Гвардейцев, 16",53.75192,87.09605
25073,"Муниципальное общеобразовательное учреждение ""Основная общеобразовательная школа № 45""",(Муниципальное образовательное учреждение),"654014, Кемеровская область, Кемеровской области, г. Новокузнецк, ул. Литейная, 37",53.71046,87.10538
25075,"Муниципальное общеобразовательное учреждение ""Средняя общеобразовательная школа № 69""",(Муниципальное образовательное учреждение),"654102, Кемеровская область, Кемеровской области, г. Новокузнецк, ул. Эксковаторная, 4,",53.67631,86.95726
25076,"Муниципальное общеобразовательное учреждение ""Средняя общеобразовательная школа № 1""",(Муниципальное образовательное учреждение),"654045, Кемеровская область, Кемеровской области, г. Новокузнецк, ул. Пролетарская, 81,",53.7383981,87.1180201
25077,"Муниципальное общеобразовательное учреждение ""Лицей № 47""",(Муниципальное образовательное учреждение),"654063, Кемеровская область, Кемеровской области, г. Новокузнецк, ул. В. Соломиной, 12,",53.747,87.04898
25078,"Муниципальное общеобразовательное учреждение ""Средняя общеобразовательная школа № 54""",(Муниципальное образовательное учреждение),"654063, Кемеровская область, Кемеровской области, г. Новокузнецк, ул. К Маркса, 10",53.74949,87.05882
25079,"Муниципальное общеобразовательное учреждение ""Средняя общеобразовательная гимназия № 44""",(Муниципальное образовательное учреждение),"654080, Кемеровская область, г. Новокузнецк, ул Кирова, 79",53.75967,87.15801
25080,"Муниципальное общеобразовательное учреждение ""Средняя общеобразовательная школа № 8""",(Муниципальное образовательное учреждение),"654027, Кемеровская область, Кемеровской области, г. Новокузнецк, ул. Куйбышева, 4",53.75745,87.10135
25081,"Муниципальное общеобразовательное учреждение ""Средняя общеобразовательная школа № 31""",(Муниципальное образовательное учреждение),"654018, Кемеровская область, г. Новокузнецк, пр. Октябрьский, 24а",53.74927,87.14312
25082,"Муниципальное общеобразовательное учреждение ""Средняя общеобразовательная школа № 101""",(Муниципальное образовательное учреждение),"654041, Кемеровская область, г. Новокузнецк, ул. Дружбы, 42а",53.71176,87.13987
25083,"Муниципальное общеобразовательное учреждение ""Лицей № 34""",(Муниципальное образовательное учреждение),"654018, Кемеровская область, г. Новокузнецк, ул. Циолковского, 65",53.75549,87.14683
25101,"Муниципальное общеобразовательное учреждение ""Специальная (коррекционная) начальная школа-детский сад № 260 ( IV вида).",(Муниципальное образовательное учреждение),"654054, Кемеровская область, г. Новокузнецк, ул. Новосёлов, 63.",53.89833,87.13869
25113,"Муниципальное общеобразовательное учреждение ""Специальная (коррекционная) начальная школа-детский сад № 225 (IV вида)",(Муниципальное образовательное учреждение),"654041, Кемеровская область, г. Новокузнецк, ул. Транспортная, 57А.",53.74273,87.13265
25123,"Муниципальное общеобразовательное учреждение ""Специальная (коррекционная) начальная школа-детский сад № 10 ( V вида).",(Муниципальное образовательное учреждение),"654080, Кемеровская область, г. Новокузнецк, ул. Кирова, 99А.",53.75925,87.16095
25125,"Муниципальное общеобразовательное учреждение ""Средняя общеобразовательная школа № 97""",(Муниципальное образовательное учреждение),"654005, Кемеровская область, г. Новокузнецк, ул Покрышкина, 18",53.76689,87.12077
25128,"Муниципальное общеобразовательное учреждение ""Средняя общеобразовательная школа № 26""",(Муниципальное образовательное учреждение),"654007, Кемеровская область, г. Новокузнецк, пр. Пионерский, 36",53.76003,87.12898
25130,"Муниципальное образовательное учреждение""Средняя общеобразовательная школа № 18""",(Муниципальное образовательное учреждение),"654059, Кемеровская область, г. Новокузнецк, ул. Клименко, 36а",53.82306,87.15549
25151,Муниципальное общеобразовательное учреждение Средняя общеобразовательная школа № 72 с углубленным изучением англ. Языка,(Муниципальное образовательное учреждение),"654080, Кемеровская область, г. Новокузнецк, ул. Свердлова, 10",53.75965,87.1431
25153,"Муниципальное общеобразовательное учреждение ""Гимназия № 17 им. В.П. Чкалова",(Муниципальное образовательное учреждение),"654041, Кемеровская область, г. Новокузнецк, ул. Кутузова, 44а",53.7477,87.12767
25155,"Муниципальное образовательное учреждение""Средняя общеобразовательная школа № 13""",(Муниципальное образовательное учреждение),"654011, Кемеровская область, г. Новокузнецк, ул. Новоселов, 19",53.89544,87.12151
25158,"Муниципальное образовательное учреждение""Лицей № 84""",(Муниципальное образовательное учреждение),"654079, Кемеровская область, г. Новокузнецк, ул. Кулакова 3",53.75339,87.11388
25181,"Муниципальное общеобразовательное учреждение ""Средняя общеобразовательная школа № 103""",(Муниципальное образовательное учреждение),"654066, Кемеровская область, г. Новокузнецк, ул. Тольятти, 3",53.74892,87.15908
25182,Муниципальное общеобразовательное учреждение Средняя общеобразовательная школа № 67,(Муниципальное образовательное учреждение),"654041, Кемеровская область, г. Новокузнецк, ул. Тольятти, 52",53.76159,87.15112
25185,"Муниципальное общеобразовательное учреждение ""Средняя общеобразовательная школа № 4 ""Центр открытого непрерывного образования""",(Муниципальное образовательное учреждение),"654018, Кемеровская область, г. Новокузнецк, ул. Тольятти, 30а",53.75454,87.15772
25191,"Муниципальное специальное (коррекционное) образовательное учреждение для обучающихся, воспитанников с отклонениями в развитии ""Специальная (коррекционная) общеобразовательная школа - интернат № 20"" VIII вида",(Муниципальное образовательное учреждение),"654005, Кемеровская область, г. Новокузнецк, ул.Пирогова, 7",53.76554,87.1109
25193,"Муниципальное образовательное учреждение для детей - сирот и детей, оставшихся без попечения родителей ""Детский дом - школа № 74""",(Муниципальное образовательное учреждение),"654027, Кемеровская область, г. Новокузнецк, пр. Пионерский, 7",53.76101,87.1061
25194,"Муниципальное образовательное учреждениедля детей-сирот и детей, оставшихся без попечения родителей ""Детский дом № 3""",(Муниципальное образовательное учреждение),"654080, Кемеровская область, г. Новокузнецк, ул. Тольятти, 40",53.76037,87.15158
25195,"Муниципальное образовательное учреждениедля детей-сирот и детей, оставшихся без попечения родителей ""Детский дом № 5""",(Муниципальное образовательное учреждение),"654007, Кемеровская область, г. Новокузнецк, ул. Спартака, 19",53.76201,87.12541
25218,"Муниципальное общеобразовательное учреждение ""Средняя общеобразовательная школа № 55""",(Муниципальное образовательное учреждение),"654066, Кемеровская область, г. Новокузнецк, ул. Грдины, 6",53.75156,87.16682
25221,"Муниципальное общеобразовательное учреждение ""Вечерняя (сменная) общеобразовательная школа № 1",(Муниципальное образовательное учреждение),"654005, Кемеровская область, г. Новокузнецк, пер. Колхозный, 22",53.76707,87.10789
25224,"Муниципальное образовательное учреждение""Средняя общеобразовательная школа № 90""",(Муниципальное образовательное учреждение),"654063, Кемеровская область, г. Новокузнецк, ул. Челюскина, 16",53.74761,87.07144
25225,"Муниципальное образовательное учреждение""Специальная (коррекционная) образовательная школа-интернат № 66 для детей сирот и детей, оставшихся без попечения родителей с отклонениями в развитии VIII вида""",(Муниципальное образовательное учреждение),"654029, Кемеровская область, г. Новокузнецк, ул. Всесторнняя, 46",53.74038,87.11003
25227,"Муниципальное образовательное учреждениедля детей-сирот и детей, оставшихся без попечения родителей ""Детский дом № 1""",(Муниципальное образовательное учреждение),"654034, Кемеровская область, г. Новокузнецк, ул. Обнорского, 13",53.77497,87.2063
25229,"Муниципальное образовательное учреждение""Средняя общеобразовательная школа № 49""",(Муниципальное образовательное учреждение),"654059, Кемеровская область, г. Новокузнецк, ул. 40лет ВЛКСМ, 76а",53.82393,87.1679
25244,"МБ НОУ ""Лицей № 11""",(Муниципальное образовательное учреждение),"Кемеровская область, г. Новокузнецк, ул. Коммунаров 5",53.77839,87.2708
25272,"Муниципальное общеобразовательное учреждение ""Средняя общеобразовательная школа № 28""",(Муниципальное образовательное учреждение),"6540013, Кемеровская область, г. Новокузнецк, ул.Тузовского, 17",53.80075,87.37851
25279,"Нетиповое муниципальное общеобразовательное учреждение ""Лицей № 111""",(Муниципальное образовательное учреждение),"654007, Кемеровская область, г. Новокузнецк, ул.Кирова, 35",53.75805,87.12862
